{
  "Entity": {
    "Name": "Spaceship",
    "Components": {
      "Transform": {
        "Translation": [ 0.0, 0.0 ],
        "Rotation": 0.0,
        "Scale": [ 50.0, 40.0 ]
      },
      "Sprite": {
        "Mesh": "MeshSpaceship"
      },
      "Physics": {
      },
      "BehaviorSpaceship": {
        "StateCurr": -1,
        "StateNext": 0,
        "Timer": 0.0
      },
      "BehaviorTeleporter": {
        "StateNext": 0
      },
      "ColliderCircle": {
        "Radius": 45.0
      }
    }
  }
}
