{
  "Mesh": {
    "Name": "MeshAsteroid",
    "Vertices": [
      { "Position": [ 0.5, 0.5 ], "Color": [ 0.0, 1.0, 1.0  ], "UV": [ 0.0, 0.0 ] },
      { "Position": [ -0.3, 0.3 ], "Color": [ 0.0, 1.0, 1.0 ], "UV": [ 0.0, 0.0 ] },
      { "Position": [ -0.5, -0.5 ], "Color": [ 0.0, 1.0, 1.0 ], "UV": [ 0.0, 0.0 ] },
      { "Position": [ 0.1, 0.3 ], "Color": [ 0.0, 1.0, 1.0 ], "UV": [ 0.0, 0.0 ] },
      { "Position": [ -0.5, -0.5 ], "Color": [ 0.0, 1.0, 1.0 ], "UV": [ 0.0, 0.0 ] },
      { "Position": [ 0.5, -0.5 ], "Color": [ 0.0, 1.0, 1.0 ], "UV": [ 0.0, 0.0 ] },
      { "Position": [ -0.1, 0.3 ], "Color": [ 0.0, 1.0, 1.0 ], "UV": [ 0.0, 0.0 ] },
      { "Position": [ 0.2, 0.3 ], "Color": [ 0.0, 1.0, 1.0 ], "UV": [ 0.0, 0.0 ] },
      { "Position": [ 0.3, 0.3 ], "Color": [ 0.0, 1.0, 1.0 ], "UV": [ 0.0, 0.0 ] },
      { "Position": [ 0.5, 0.5 ], "Color": [ 0.0, 1.0, 1.0 ], "UV": [ 0.0, 0.0 ] }
    ]
  }
}
